Source,Target,Label
"../../../modules/Presales/domains/interest/stores/create-interest/create-interest.selectors.js","../../../modules/Presales/domains/interest/stores/create-interest/helpers/get-is-lead-can-be-created-in-shop.helper.js","../../../modules/Presales/domains/interest/stores/create-interest/helpers/get-is-lead-can-be-created-in-shop.helper.js"
"../../../modules/Presales/domains/interest/stores/create-interest/helpers/get-is-lead-can-be-created-in-shop.helper.js","../../../modules/Presales/domains/interest/stores/create-interest/helpers/get-is-shop-is-dark-store.helper.js","../../../modules/Presales/domains/interest/stores/create-interest/helpers/get-is-shop-is-dark-store.helper.js"
"../../../modules/Presales/domains/interest/stores/create-interest/helpers/get-is-lead-can-be-created-in-shop.helper.js","../../../modules/Presales/domains/interest/stores/create-interest/helpers/get-is-shop-open.helper.js","../../../modules/Presales/domains/interest/stores/create-interest/helpers/get-is-shop-open.helper.js"
"../../../store/responsibles/responsibles.reducer.js","../../../store/responsibles/responsibles.actionTypes.js","../../../store/responsibles/responsibles.actionTypes.js"
"../../../store/responsibles/responsibles.reducer.js","../../../store/responsibles/responsibles.types.js","../../../store/responsibles/responsibles.types.js"
"../../../store/responsibles/responsibles.selectors.js","../../../store/responsibles/responsibles.types.js","../../../store/responsibles/responsibles.types.js"
"__tests__/client-card.test.js","client-card.component.js","client-card.component.js"
"client-header/client-dropdown/create-invoice-modal/__tests__/money-input-formatter.helper.test.js","client-header/client-dropdown/create-invoice-modal/money-input-formatter.helper.js","client-header/client-dropdown/create-invoice-modal/money-input-formatter.helper.js"
"client-header/client-dropdown/create-invoice-modal/create-invoice.component.js","client-header/client-dropdown/create-invoice-modal/use-money-input.hook.js","client-header/client-dropdown/create-invoice-modal/use-money-input.hook.js"
"client-header/client-dropdown/create-invoice-modal/use-money-input.hook.js","client-header/client-dropdown/create-invoice-modal/money-input-formatter.helper.js","client-header/client-dropdown/create-invoice-modal/money-input-formatter.helper.js"
"client-header/client-header.component.js","client-header/client-data/index.js","client-header/client-data/index.js"
"client-header/client-header.component.js","client-header/client-dropdown/index.js","client-header/client-dropdown/index.js"
"client-header/client-header.component.js","client-header/client-header-skeleton.component.js","client-header/client-header-skeleton.component.js"
"client-header/client-header.component.js","client-header/client-header.helper.js","client-header/client-header.helper.js"
"client-header/client-header.component.js","client-header/client-header.module.scss","client-header/client-header.module.scss"
"client-header/client-header.component.js","client-header/client-status/client-update-organization-active-status.component.js","client-header/client-status/client-update-organization-active-status.component.js"
"client-header/client-header.container.js","../../../store/selectors/user.js","../../../store/selectors/user.js"
"client-header/client-header.container.js","../client-drawer/store/client-drawer.selectors.js","../client-drawer/store/client-drawer.selectors.js"
"client-header/client-header.container.js","client-header/client-header.component.js","client-header/client-header.component.js"
"client-header/client-header.container.js","store/client-card.action-creators.js","store/client-card.action-creators.js"
"client-header/client-header.container.js","store/client-card.selectors.js","store/client-card.selectors.js"
"client-tabs/client-tab-content/client-contact-persons-tab/client-contact-persons-tab.component.js","client-tabs/client-tab-content/client-contact-persons-tab/components/client-contact-attach/index.js","client-tabs/client-tab-content/client-contact-persons-tab/components/client-contact-attach/index.js"
"client-tabs/client-tab-content/client-contact-persons-tab/client-contact-persons-tab.component.js","client-tabs/client-tab-content/client-contact-persons-tab/components/modal.js","client-tabs/client-tab-content/client-contact-persons-tab/components/modal.js"
"client-tabs/client-tab-content/client-contact-persons-tab/client-contact-persons-tab.component.js","client-tabs/client-tab-content/client-contact-persons-tab/styles.module.scss","client-tabs/client-tab-content/client-contact-persons-tab/styles.module.scss"
"client-tabs/client-tab-content/client-contact-persons-tab/client-contact-persons-tab.container.js","client-tabs/client-tab-content/client-contact-persons-tab/client-contact-persons-tab.component.js","client-tabs/client-tab-content/client-contact-persons-tab/client-contact-persons-tab.component.js"
"client-tabs/client-tab-content/client-contact-persons-tab/components/__tests__/modal.test.js","client-tabs/client-tab-content/client-contact-persons-tab/components/modal.js","client-tabs/client-tab-content/client-contact-persons-tab/components/modal.js"
"client-tabs/client-tab-content/client-contact-persons-tab/components/client-contact-attach/api/helpers.js","client-tabs/client-tab-content/client-contact-persons-tab/components/client-contact-attach/api/types.js","client-tabs/client-tab-content/client-contact-persons-tab/components/client-contact-attach/api/types.js"
"client-tabs/client-tab-content/client-contact-persons-tab/components/client-contact-attach/api/helpers.js","client-tabs/client-tab-content/client-contact-persons-tab/components/utils.js","client-tabs/client-tab-content/client-contact-persons-tab/components/utils.js"
"client-tabs/client-tab-content/client-contact-persons-tab/components/client-contact-attach/api/index.js","client-tabs/client-tab-content/client-contact-persons-tab/components/client-contact-attach/api/types.js","client-tabs/client-tab-content/client-contact-persons-tab/components/client-contact-attach/api/types.js"
"client-tabs/client-tab-content/client-contact-persons-tab/components/client-contact-attach/api/index.js","client-tabs/client-tab-content/client-contact-persons-tab/components/client-contact-attach/api/use-get-client.js","client-tabs/client-tab-content/client-contact-persons-tab/components/client-contact-attach/api/use-get-client.js"
"client-tabs/client-tab-content/client-contact-persons-tab/components/client-contact-attach/api/index.js","client-tabs/client-tab-content/client-contact-persons-tab/components/client-contact-attach/api/use-get-contact.js","client-tabs/client-tab-content/client-contact-persons-tab/components/client-contact-attach/api/use-get-contact.js"
"client-tabs/client-tab-content/client-contact-persons-tab/components/client-contact-attach/api/index.js","client-tabs/client-tab-content/client-contact-persons-tab/components/client-contact-attach/api/use-get-contacts-by-organization.js","client-tabs/client-tab-content/client-contact-persons-tab/components/client-contact-attach/api/use-get-contacts-by-organization.js"
"client-tabs/client-tab-content/client-contact-persons-tab/components/client-contact-attach/api/index.js","client-tabs/client-tab-content/client-contact-persons-tab/components/client-contact-attach/api/use-link-organization.js","client-tabs/client-tab-content/client-contact-persons-tab/components/client-contact-attach/api/use-link-organization.js"
"client-tabs/client-tab-content/client-contact-persons-tab/components/client-contact-attach/api/types.js","client-tabs/client-tab-content/client-contact-persons-tab/components/types.js","client-tabs/client-tab-content/client-contact-persons-tab/components/types.js"
"client-tabs/client-tab-content/client-contact-persons-tab/components/client-contact-attach/api/use-get-client.js","../../../core/hooks/use-fetch-connector.js","../../../core/hooks/use-fetch-connector.js"
"client-tabs/client-tab-content/client-contact-persons-tab/components/client-contact-attach/api/use-get-client.js","client-tabs/client-tab-content/client-contact-persons-tab/components/client-contact-attach/api/types.js","client-tabs/client-tab-content/client-contact-persons-tab/components/client-contact-attach/api/types.js"
"client-tabs/client-tab-content/client-contact-persons-tab/components/client-contact-attach/api/use-get-client.js","client-tabs/client-tab-content/client-contact-persons-tab/components/client-contact-attach/api/use-get-effects.js","client-tabs/client-tab-content/client-contact-persons-tab/components/client-contact-attach/api/use-get-effects.js"
"client-tabs/client-tab-content/client-contact-persons-tab/components/client-contact-attach/api/use-get-contact.js","../../../core/hooks/use-fetch-connector.js","../../../core/hooks/use-fetch-connector.js"
"client-tabs/client-tab-content/client-contact-persons-tab/components/client-contact-attach/api/use-get-contact.js","client-tabs/client-tab-content/client-contact-persons-tab/components/client-contact-attach/api/types.js","client-tabs/client-tab-content/client-contact-persons-tab/components/client-contact-attach/api/types.js"
"client-tabs/client-tab-content/client-contact-persons-tab/components/client-contact-attach/api/use-get-contact.js","client-tabs/client-tab-content/client-contact-persons-tab/components/client-contact-attach/api/use-get-effects.js","client-tabs/client-tab-content/client-contact-persons-tab/components/client-contact-attach/api/use-get-effects.js"
"client-tabs/client-tab-content/client-contact-persons-tab/components/client-contact-attach/api/use-get-contact.js","client-tabs/client-tab-content/client-contact-persons-tab/components/types.js","client-tabs/client-tab-content/client-contact-persons-tab/components/types.js"
"client-tabs/client-tab-content/client-contact-persons-tab/components/client-contact-attach/api/use-get-contacts-by-organization.js","../../../core/hooks/use-fetch-connector.js","../../../core/hooks/use-fetch-connector.js"
"client-tabs/client-tab-content/client-contact-persons-tab/components/client-contact-attach/api/use-get-contacts-by-organization.js","client-tabs/client-tab-content/client-contact-persons-tab/components/client-contact-attach/api/types.js","client-tabs/client-tab-content/client-contact-persons-tab/components/client-contact-attach/api/types.js"
"client-tabs/client-tab-content/client-contact-persons-tab/components/client-contact-attach/api/use-get-contacts-by-organization.js","client-tabs/client-tab-content/client-contact-persons-tab/components/client-contact-attach/api/use-get-effects.js","client-tabs/client-tab-content/client-contact-persons-tab/components/client-contact-attach/api/use-get-effects.js"
"client-tabs/client-tab-content/client-contact-persons-tab/components/client-contact-attach/api/use-get-contacts-by-organization.js","client-tabs/client-tab-content/client-contact-persons-tab/components/types.js","client-tabs/client-tab-content/client-contact-persons-tab/components/types.js"
"client-tabs/client-tab-content/client-contact-persons-tab/components/client-contact-attach/api/use-get-effects.js","client-tabs/client-tab-content/client-contact-persons-tab/components/client-contact-attach/api/types.js","client-tabs/client-tab-content/client-contact-persons-tab/components/client-contact-attach/api/types.js"
"client-tabs/client-tab-content/client-contact-persons-tab/components/client-contact-attach/api/use-link-organization.js","client-tabs/client-tab-content/client-contact-persons-tab/components/client-contact-attach/api/helpers.js","client-tabs/client-tab-content/client-contact-persons-tab/components/client-contact-attach/api/helpers.js"
"client-tabs/client-tab-content/client-contact-persons-tab/components/client-contact-attach/api/use-link-organization.js","client-tabs/client-tab-content/client-contact-persons-tab/components/client-contact-attach/api/types.js","client-tabs/client-tab-content/client-contact-persons-tab/components/client-contact-attach/api/types.js"
"client-tabs/client-tab-content/client-contact-persons-tab/components/client-contact-attach/index.js","client-tabs/client-tab-content/client-contact-persons-tab/components/client-contact-attach/ui/index.js","client-tabs/client-tab-content/client-contact-persons-tab/components/client-contact-attach/ui/index.js"
"client-tabs/client-tab-content/client-contact-persons-tab/components/client-contact-attach/model/form/defaultData.js","client-tabs/client-tab-content/client-contact-persons-tab/components/client-contact-attach/model/types.js","client-tabs/client-tab-content/client-contact-persons-tab/components/client-contact-attach/model/types.js"
"client-tabs/client-tab-content/client-contact-persons-tab/components/client-contact-attach/model/form/index.js","client-tabs/client-tab-content/client-contact-persons-tab/components/client-contact-attach/model/form/defaultData.js","client-tabs/client-tab-content/client-contact-persons-tab/components/client-contact-attach/model/form/defaultData.js"
"client-tabs/client-tab-content/client-contact-persons-tab/components/client-contact-attach/model/form/index.js","client-tabs/client-tab-content/client-contact-persons-tab/components/client-contact-attach/model/form/use-already-attached-validation.js","client-tabs/client-tab-content/client-contact-persons-tab/components/client-contact-attach/model/form/use-already-attached-validation.js"
"client-tabs/client-tab-content/client-contact-persons-tab/components/client-contact-attach/model/form/index.js","client-tabs/client-tab-content/client-contact-persons-tab/components/client-contact-attach/model/form/use-handle-submit-ref.js","client-tabs/client-tab-content/client-contact-persons-tab/components/client-contact-attach/model/form/use-handle-submit-ref.js"
"client-tabs/client-tab-content/client-contact-persons-tab/components/client-contact-attach/model/form/index.js","client-tabs/client-tab-content/client-contact-persons-tab/components/client-contact-attach/model/form/use-update-values.js","client-tabs/client-tab-content/client-contact-persons-tab/components/client-contact-attach/model/form/use-update-values.js"
"client-tabs/client-tab-content/client-contact-persons-tab/components/client-contact-attach/model/form/use-already-attached-validation.js","client-tabs/client-tab-content/client-contact-persons-tab/components/client-contact-attach/api/index.js","client-tabs/client-tab-content/client-contact-persons-tab/components/client-contact-attach/api/index.js"
"client-tabs/client-tab-content/client-contact-persons-tab/components/client-contact-attach/model/form/use-already-attached-validation.js","client-tabs/client-tab-content/client-contact-persons-tab/components/client-contact-attach/model/form/validation-rules.js","client-tabs/client-tab-content/client-contact-persons-tab/components/client-contact-attach/model/form/validation-rules.js"
"client-tabs/client-tab-content/client-contact-persons-tab/components/client-contact-attach/model/form/use-already-attached-validation.js","client-tabs/client-tab-content/client-contact-persons-tab/components/client-contact-attach/model/types.js","client-tabs/client-tab-content/client-contact-persons-tab/components/client-contact-attach/model/types.js"
"client-tabs/client-tab-content/client-contact-persons-tab/components/client-contact-attach/model/form/use-handle-submit-ref.js","client-tabs/client-tab-content/client-contact-persons-tab/components/client-contact-attach/model/types.js","client-tabs/client-tab-content/client-contact-persons-tab/components/client-contact-attach/model/types.js"
"client-tabs/client-tab-content/client-contact-persons-tab/components/client-contact-attach/model/form/use-handle-submit-ref.js","client-tabs/client-tab-content/client-contact-persons-tab/components/types.js","client-tabs/client-tab-content/client-contact-persons-tab/components/types.js"
"client-tabs/client-tab-content/client-contact-persons-tab/components/client-contact-attach/model/form/use-update-values.js","client-tabs/client-tab-content/client-contact-persons-tab/components/client-contact-attach/model/form/defaultData.js","client-tabs/client-tab-content/client-contact-persons-tab/components/client-contact-attach/model/form/defaultData.js"
"client-tabs/client-tab-content/client-contact-persons-tab/components/client-contact-attach/model/form/use-update-values.js","client-tabs/client-tab-content/client-contact-persons-tab/components/client-contact-attach/model/types.js","client-tabs/client-tab-content/client-contact-persons-tab/components/client-contact-attach/model/types.js"
"client-tabs/client-tab-content/client-contact-persons-tab/components/client-contact-attach/model/form/validation-rules.js","client-tabs/client-tab-content/client-contact-persons-tab/components/client-contact-attach/model/types.js","client-tabs/client-tab-content/client-contact-persons-tab/components/client-contact-attach/model/types.js"
"client-tabs/client-tab-content/client-contact-persons-tab/components/client-contact-attach/model/form/validation-rules.js","client-tabs/client-tab-content/client-contact-persons-tab/components/types.js","client-tabs/client-tab-content/client-contact-persons-tab/components/types.js"
"client-tabs/client-tab-content/client-contact-persons-tab/components/client-contact-attach/model/helpers.js","client-tabs/client-tab-content/client-contact-persons-tab/components/client-contact-attach/api/index.js","client-tabs/client-tab-content/client-contact-persons-tab/components/client-contact-attach/api/index.js"
"client-tabs/client-tab-content/client-contact-persons-tab/components/client-contact-attach/model/helpers.js","client-tabs/client-tab-content/client-contact-persons-tab/components/client-contact-attach/model/types.js","client-tabs/client-tab-content/client-contact-persons-tab/components/client-contact-attach/model/types.js"
"client-tabs/client-tab-content/client-contact-persons-tab/components/client-contact-attach/model/index.js","client-tabs/client-tab-content/client-contact-persons-tab/components/client-contact-attach/model/form/index.js","client-tabs/client-tab-content/client-contact-persons-tab/components/client-contact-attach/model/form/index.js"
"client-tabs/client-tab-content/client-contact-persons-tab/components/client-contact-attach/model/index.js","client-tabs/client-tab-content/client-contact-persons-tab/components/client-contact-attach/model/helpers.js","client-tabs/client-tab-content/client-contact-persons-tab/components/client-contact-attach/model/helpers.js"
"client-tabs/client-tab-content/client-contact-persons-tab/components/client-contact-attach/model/index.js","client-tabs/client-tab-content/client-contact-persons-tab/components/client-contact-attach/model/types.js","client-tabs/client-tab-content/client-contact-persons-tab/components/client-contact-attach/model/types.js"
"client-tabs/client-tab-content/client-contact-persons-tab/components/client-contact-attach/model/index.js","client-tabs/client-tab-content/client-contact-persons-tab/components/client-contact-attach/model/use-create-contact-modal.js","client-tabs/client-tab-content/client-contact-persons-tab/components/client-contact-attach/model/use-create-contact-modal.js"
"client-tabs/client-tab-content/client-contact-persons-tab/components/client-contact-attach/model/types.js","client-tabs/client-tab-content/client-contact-persons-tab/components/client-contact-attach/api/index.js","client-tabs/client-tab-content/client-contact-persons-tab/components/client-contact-attach/api/index.js"
"client-tabs/client-tab-content/client-contact-persons-tab/components/client-contact-attach/model/types.js","client-tabs/client-tab-content/client-contact-persons-tab/components/types.js","client-tabs/client-tab-content/client-contact-persons-tab/components/types.js"
"client-tabs/client-tab-content/client-contact-persons-tab/components/client-contact-attach/model/types.js","types/client-card.types.js","types/client-card.types.js"
"client-tabs/client-tab-content/client-contact-persons-tab/components/client-contact-attach/ui/contact-select/contact-select.js","client-tabs/client-tab-content/client-contact-persons-tab/components/client-contact-attach/api/index.js","client-tabs/client-tab-content/client-contact-persons-tab/components/client-contact-attach/api/index.js"
"client-tabs/client-tab-content/client-contact-persons-tab/components/client-contact-attach/ui/contact-select/contact-select.js","client-tabs/client-tab-content/client-contact-persons-tab/components/client-contact-attach/model/index.js","client-tabs/client-tab-content/client-contact-persons-tab/components/client-contact-attach/model/index.js"
"client-tabs/client-tab-content/client-contact-persons-tab/components/client-contact-attach/ui/contact-select/contact-select.js","client-tabs/client-tab-content/client-contact-persons-tab/components/client-contact-attach/ui/contact-select/contact-select.module.scss","client-tabs/client-tab-content/client-contact-persons-tab/components/client-contact-attach/ui/contact-select/contact-select.module.scss"
"client-tabs/client-tab-content/client-contact-persons-tab/components/client-contact-attach/ui/contact-select/contact-select.js","client-tabs/client-tab-content/client-contact-persons-tab/components/client-contact-attach/ui/contact-select/get-view-contact.js","client-tabs/client-tab-content/client-contact-persons-tab/components/client-contact-attach/ui/contact-select/get-view-contact.js"
"client-tabs/client-tab-content/client-contact-persons-tab/components/client-contact-attach/ui/contact-select/contact-select.js","client-tabs/client-tab-content/client-contact-persons-tab/components/client-contact-attach/ui/select-loader/index.js","client-tabs/client-tab-content/client-contact-persons-tab/components/client-contact-attach/ui/select-loader/index.js"
"client-tabs/client-tab-content/client-contact-persons-tab/components/client-contact-attach/ui/contact-select/contact-select.js","client-tabs/client-tab-content/client-contact-persons-tab/components/types.js","client-tabs/client-tab-content/client-contact-persons-tab/components/types.js"
"client-tabs/client-tab-content/client-contact-persons-tab/components/client-contact-attach/ui/contact-select/get-view-contact.js","client-tabs/client-tab-content/client-contact-persons-tab/components/types.js","client-tabs/client-tab-content/client-contact-persons-tab/components/types.js"
"client-tabs/client-tab-content/client-contact-persons-tab/components/client-contact-attach/ui/contact-select/index.js","client-tabs/client-tab-content/client-contact-persons-tab/components/client-contact-attach/ui/contact-select/contact-select.js","client-tabs/client-tab-content/client-contact-persons-tab/components/client-contact-attach/ui/contact-select/contact-select.js"
"client-tabs/client-tab-content/client-contact-persons-tab/components/client-contact-attach/ui/customer-select/customer-select.js","client-tabs/client-tab-content/client-contact-persons-tab/components/client-contact-attach/api/index.js","client-tabs/client-tab-content/client-contact-persons-tab/components/client-contact-attach/api/index.js"
"client-tabs/client-tab-content/client-contact-persons-tab/components/client-contact-attach/ui/customer-select/customer-select.js","client-tabs/client-tab-content/client-contact-persons-tab/components/client-contact-attach/model/index.js","client-tabs/client-tab-content/client-contact-persons-tab/components/client-contact-attach/model/index.js"
"client-tabs/client-tab-content/client-contact-persons-tab/components/client-contact-attach/ui/customer-select/customer-select.js","client-tabs/client-tab-content/client-contact-persons-tab/components/client-contact-attach/ui/customer-select/customer-select.scss","client-tabs/client-tab-content/client-contact-persons-tab/components/client-contact-attach/ui/customer-select/customer-select.scss"
"client-tabs/client-tab-content/client-contact-persons-tab/components/client-contact-attach/ui/customer-select/customer-select.js","client-tabs/client-tab-content/client-contact-persons-tab/components/customer.js","client-tabs/client-tab-content/client-contact-persons-tab/components/customer.js"
"client-tabs/client-tab-content/client-contact-persons-tab/components/client-contact-attach/ui/customer-select/customer-select.js","types/client-card.types.js","types/client-card.types.js"
"client-tabs/client-tab-content/client-contact-persons-tab/components/client-contact-attach/ui/customer-select/index.js","client-tabs/client-tab-content/client-contact-persons-tab/components/client-contact-attach/ui/customer-select/customer-select.js","client-tabs/client-tab-content/client-contact-persons-tab/components/client-contact-attach/ui/customer-select/customer-select.js"
"client-tabs/client-tab-content/client-contact-persons-tab/components/client-contact-attach/ui/form/client-contact-attach-form.js","client-tabs/client-tab-content/client-contact-persons-tab/components/client-contact-attach/api/index.js","client-tabs/client-tab-content/client-contact-persons-tab/components/client-contact-attach/api/index.js"
"client-tabs/client-tab-content/client-contact-persons-tab/components/client-contact-attach/ui/form/client-contact-attach-form.js","client-tabs/client-tab-content/client-contact-persons-tab/components/client-contact-attach/model/index.js","client-tabs/client-tab-content/client-contact-persons-tab/components/client-contact-attach/model/index.js"
"client-tabs/client-tab-content/client-contact-persons-tab/components/client-contact-attach/ui/form/client-contact-attach-form.js","client-tabs/client-tab-content/client-contact-persons-tab/components/client-contact-attach/ui/contact-select/index.js","client-tabs/client-tab-content/client-contact-persons-tab/components/client-contact-attach/ui/contact-select/index.js"
"client-tabs/client-tab-content/client-contact-persons-tab/components/client-contact-attach/ui/form/client-contact-attach-form.js","client-tabs/client-tab-content/client-contact-persons-tab/components/client-contact-attach/ui/customer-select/index.js","client-tabs/client-tab-content/client-contact-persons-tab/components/client-contact-attach/ui/customer-select/index.js"
"client-tabs/client-tab-content/client-contact-persons-tab/components/client-contact-attach/ui/form/client-contact-attach-form.js","client-tabs/client-tab-content/client-contact-persons-tab/components/client-contact-attach/ui/form/client-contact-attach-form.module.scss","client-tabs/client-tab-content/client-contact-persons-tab/components/client-contact-attach/ui/form/client-contact-attach-form.module.scss"
"client-tabs/client-tab-content/client-contact-persons-tab/components/client-contact-attach/ui/form/client-contact-attach-form.js","client-tabs/client-tab-content/client-contact-persons-tab/components/position.js","client-tabs/client-tab-content/client-contact-persons-tab/components/position.js"
"client-tabs/client-tab-content/client-contact-persons-tab/components/client-contact-attach/ui/form/client-contact-attach-form.js","client-tabs/client-tab-content/client-contact-persons-tab/components/roles.js","client-tabs/client-tab-content/client-contact-persons-tab/components/roles.js"
"client-tabs/client-tab-content/client-contact-persons-tab/components/client-contact-attach/ui/form/client-contact-attach-form.js","client-tabs/client-tab-content/client-contact-persons-tab/components/types.js","client-tabs/client-tab-content/client-contact-persons-tab/components/types.js"
"client-tabs/client-tab-content/client-contact-persons-tab/components/client-contact-attach/ui/form/index.js","client-tabs/client-tab-content/client-contact-persons-tab/components/client-contact-attach/ui/form/client-contact-attach-form.js","client-tabs/client-tab-content/client-contact-persons-tab/components/client-contact-attach/ui/form/client-contact-attach-form.js"
"client-tabs/client-tab-content/client-contact-persons-tab/components/client-contact-attach/ui/index.js","client-tabs/client-tab-content/client-contact-persons-tab/components/client-contact-attach/ui/modal/index.js","client-tabs/client-tab-content/client-contact-persons-tab/components/client-contact-attach/ui/modal/index.js"
"client-tabs/client-tab-content/client-contact-persons-tab/components/client-contact-attach/ui/modal/index.js","client-tabs/client-tab-content/client-contact-persons-tab/components/client-contact-attach/ui/modal/modal.js","client-tabs/client-tab-content/client-contact-persons-tab/components/client-contact-attach/ui/modal/modal.js"
"client-tabs/client-tab-content/client-contact-persons-tab/components/client-contact-attach/ui/modal/modal.js","client-tabs/client-tab-content/client-contact-persons-tab/components/client-contact-attach/model/index.js","client-tabs/client-tab-content/client-contact-persons-tab/components/client-contact-attach/model/index.js"
"client-tabs/client-tab-content/client-contact-persons-tab/components/client-contact-attach/ui/modal/modal.js","client-tabs/client-tab-content/client-contact-persons-tab/components/client-contact-attach/ui/form/index.js","client-tabs/client-tab-content/client-contact-persons-tab/components/client-contact-attach/ui/form/index.js"
"client-tabs/client-tab-content/client-contact-persons-tab/components/client-contact-attach/ui/modal/modal.js","client-tabs/client-tab-content/client-contact-persons-tab/components/client-contact-attach/ui/modal/modal.module.scss","client-tabs/client-tab-content/client-contact-persons-tab/components/client-contact-attach/ui/modal/modal.module.scss"
"client-tabs/client-tab-content/client-contact-persons-tab/components/client-contact-attach/ui/modal/modal.js","client-tabs/client-tab-content/client-contact-persons-tab/components/modal.js","client-tabs/client-tab-content/client-contact-persons-tab/components/modal.js"
"client-tabs/client-tab-content/client-contact-persons-tab/components/client-contact-attach/ui/select-loader/index.js","client-tabs/client-tab-content/client-contact-persons-tab/components/client-contact-attach/ui/select-loader/select-loader.js","client-tabs/client-tab-content/client-contact-persons-tab/components/client-contact-attach/ui/select-loader/select-loader.js"
"client-tabs/client-tab-content/client-contact-persons-tab/components/client-contact-attach/ui/select-loader/select-loader.js","client-tabs/client-tab-content/client-contact-persons-tab/components/client-contact-attach/ui/select-loader/select-loader.module.scss","client-tabs/client-tab-content/client-contact-persons-tab/components/client-contact-attach/ui/select-loader/select-loader.module.scss"
"client-tabs/client-tab-content/client-contact-persons-tab/components/constants.js","client-tabs/client-tab-content/client-contact-persons-tab/components/types.js","client-tabs/client-tab-content/client-contact-persons-tab/components/types.js"
"client-tabs/client-tab-content/client-contact-persons-tab/components/contact-form.container.js","client-tabs/client-tab-content/client-contact-persons-tab/components/contact-form.js","client-tabs/client-tab-content/client-contact-persons-tab/components/contact-form.js"
"client-tabs/client-tab-content/client-contact-persons-tab/components/contact-form.container.js","client-tabs/client-tab-content/client-general-tab/client-contacts/store/client-contacts.action-creator.js","client-tabs/client-tab-content/client-general-tab/client-contacts/store/client-contacts.action-creator.js"
"client-tabs/client-tab-content/client-contact-persons-tab/components/contact-form.js","../../../core/hooks/use-fetch-connector.js","../../../core/hooks/use-fetch-connector.js"
"client-tabs/client-tab-content/client-contact-persons-tab/components/contact-form.js","client-tabs/client-tab-content/client-contact-persons-tab/components/constants.js","client-tabs/client-tab-content/client-contact-persons-tab/components/constants.js"
"client-tabs/client-tab-content/client-contact-persons-tab/components/contact-form.js","client-tabs/client-tab-content/client-contact-persons-tab/components/contact-form.module.scss","client-tabs/client-tab-content/client-contact-persons-tab/components/contact-form.module.scss"
"client-tabs/client-tab-content/client-contact-persons-tab/components/contact-form.js","client-tabs/client-tab-content/client-contact-persons-tab/components/contactDuplicatePhoneModal/contactDuplicatePhoneCheck.service.js","client-tabs/client-tab-content/client-contact-persons-tab/components/contactDuplicatePhoneModal/contactDuplicatePhoneCheck.service.js"
"client-tabs/client-tab-content/client-contact-persons-tab/components/contact-form.js","client-tabs/client-tab-content/client-contact-persons-tab/components/contactDuplicatePhoneModal/contactDuplicatePhoneCheckModal.component.js","client-tabs/client-tab-content/client-contact-persons-tab/components/contactDuplicatePhoneModal/contactDuplicatePhoneCheckModal.component.js"
"client-tabs/client-tab-content/client-contact-persons-tab/components/contact-form.js","client-tabs/client-tab-content/client-contact-persons-tab/components/controlled-input.js","client-tabs/client-tab-content/client-contact-persons-tab/components/controlled-input.js"
"client-tabs/client-tab-content/client-contact-persons-tab/components/contact-form.js","client-tabs/client-tab-content/client-contact-persons-tab/components/customer.js","client-tabs/client-tab-content/client-contact-persons-tab/components/customer.js"
"client-tabs/client-tab-content/client-contact-persons-tab/components/contact-form.js","client-tabs/client-tab-content/client-contact-persons-tab/components/errors.js","client-tabs/client-tab-content/client-contact-persons-tab/components/errors.js"
"client-tabs/client-tab-content/client-contact-persons-tab/components/contact-form.js","client-tabs/client-tab-content/client-contact-persons-tab/components/gender-selection-group.js","client-tabs/client-tab-content/client-contact-persons-tab/components/gender-selection-group.js"
"client-tabs/client-tab-content/client-contact-persons-tab/components/contact-form.js","client-tabs/client-tab-content/client-contact-persons-tab/components/passport-block.js","client-tabs/client-tab-content/client-contact-persons-tab/components/passport-block.js"
"client-tabs/client-tab-content/client-contact-persons-tab/components/contact-form.js","client-tabs/client-tab-content/client-contact-persons-tab/components/phone-email-block.js","client-tabs/client-tab-content/client-contact-persons-tab/components/phone-email-block.js"
"client-tabs/client-tab-content/client-contact-persons-tab/components/contact-form.js","client-tabs/client-tab-content/client-contact-persons-tab/components/position.js","client-tabs/client-tab-content/client-contact-persons-tab/components/position.js"
"client-tabs/client-tab-content/client-contact-persons-tab/components/contact-form.js","client-tabs/client-tab-content/client-contact-persons-tab/components/roles.js","client-tabs/client-tab-content/client-contact-persons-tab/components/roles.js"
"client-tabs/client-tab-content/client-contact-persons-tab/components/contact-form.js","client-tabs/client-tab-content/client-contact-persons-tab/components/types.js","client-tabs/client-tab-content/client-contact-persons-tab/components/types.js"
"client-tabs/client-tab-content/client-contact-persons-tab/components/contact-form.js","client-tabs/client-tab-content/client-contact-persons-tab/components/utils.js","client-tabs/client-tab-content/client-contact-persons-tab/components/utils.js"
"client-tabs/client-tab-content/client-contact-persons-tab/components/contact-form.js","client-tabs/client-tab-content/client-contact-persons-tab/components/warning.js","client-tabs/client-tab-content/client-contact-persons-tab/components/warning.js"
"client-tabs/client-tab-content/client-contact-persons-tab/components/contact-form.js","client-tabs/client-tab-content/client-general-tab/client-contacts/types/client-contacts.types.js","client-tabs/client-tab-content/client-general-tab/client-contacts/types/client-contacts.types.js"
"client-tabs/client-tab-content/client-contact-persons-tab/components/contactDuplicatePhoneModal/__tests__/contactDuplicatePhoneCheckModal.test.js","client-tabs/client-tab-content/client-contact-persons-tab/components/contactDuplicatePhoneModal/contactDuplicatePhoneCheckModal.component.js","client-tabs/client-tab-content/client-contact-persons-tab/components/contactDuplicatePhoneModal/contactDuplicatePhoneCheckModal.component.js"
"client-tabs/client-tab-content/client-contact-persons-tab/components/contactDuplicatePhoneModal/contactDuplicatePhoneCheck.service.js","client-tabs/client-tab-content/client-contact-persons-tab/components/types.js","client-tabs/client-tab-content/client-contact-persons-tab/components/types.js"
"client-tabs/client-tab-content/client-contact-persons-tab/components/contactDuplicatePhoneModal/contactDuplicatePhoneCheckModal.component.js","client-tabs/client-tab-content/client-contact-persons-tab/components/contactDuplicatePhoneModal/contactDuplicatePhoneCheck.module.css","client-tabs/client-tab-content/client-contact-persons-tab/components/contactDuplicatePhoneModal/contactDuplicatePhoneCheck.module.css"
"client-tabs/client-tab-content/client-contact-persons-tab/components/contactDuplicatePhoneModal/contactDuplicatePhoneCheckModal.component.js","client-tabs/client-tab-content/client-contact-persons-tab/components/types.js","client-tabs/client-tab-content/client-contact-persons-tab/components/types.js"
"client-tabs/client-tab-content/client-contact-persons-tab/components/controlled-input.js","client-tabs/client-tab-content/client-contact-persons-tab/components/types.js","client-tabs/client-tab-content/client-contact-persons-tab/components/types.js"
"client-tabs/client-tab-content/client-contact-persons-tab/components/controlled-input.js","client-tabs/client-tab-content/client-contact-persons-tab/components/utils.js","client-tabs/client-tab-content/client-contact-persons-tab/components/utils.js"
"client-tabs/client-tab-content/client-contact-persons-tab/components/controlled-input.js","client-tabs/client-tab-content/client-contact-persons-tab/components/validation-rules.js","client-tabs/client-tab-content/client-contact-persons-tab/components/validation-rules.js"
"client-tabs/client-tab-content/client-contact-persons-tab/components/customer.js","client-tabs/client-tab-content/client-contact-persons-tab/components/contact-form.module.scss","client-tabs/client-tab-content/client-contact-persons-tab/components/contact-form.module.scss"
"client-tabs/client-tab-content/client-contact-persons-tab/components/customer.js","client-tabs/client-tab-content/client-contact-persons-tab/components/types.js","client-tabs/client-tab-content/client-contact-persons-tab/components/types.js"
"client-tabs/client-tab-content/client-contact-persons-tab/components/customer.js","client-tabs/client-tab-content/client-contact-persons-tab/components/utils.js","client-tabs/client-tab-content/client-contact-persons-tab/components/utils.js"
"client-tabs/client-tab-content/client-contact-persons-tab/components/customer.js","client-tabs/client-tab-content/client-contact-persons-tab/components/validation-rules.js","client-tabs/client-tab-content/client-contact-persons-tab/components/validation-rules.js"
"client-tabs/client-tab-content/client-contact-persons-tab/components/gender-selection-group.js","client-tabs/client-tab-content/client-contact-persons-tab/components/constants.js","client-tabs/client-tab-content/client-contact-persons-tab/components/constants.js"
"client-tabs/client-tab-content/client-contact-persons-tab/components/gender-selection-group.js","client-tabs/client-tab-content/client-contact-persons-tab/components/contact-form.module.scss","client-tabs/client-tab-content/client-contact-persons-tab/components/contact-form.module.scss"
"client-tabs/client-tab-content/client-contact-persons-tab/components/gender-selection-group.js","client-tabs/client-tab-content/client-contact-persons-tab/components/types.js","client-tabs/client-tab-content/client-contact-persons-tab/components/types.js"
"client-tabs/client-tab-content/client-contact-persons-tab/components/gender-selection-group.js","client-tabs/client-tab-content/client-contact-persons-tab/components/validation-rules.js","client-tabs/client-tab-content/client-contact-persons-tab/components/validation-rules.js"
"client-tabs/client-tab-content/client-contact-persons-tab/components/modal.js","client-tabs/client-tab-content/client-contact-persons-tab/components/contact-form.container.js","client-tabs/client-tab-content/client-contact-persons-tab/components/contact-form.container.js"
"client-tabs/client-tab-content/client-contact-persons-tab/components/modal.js","client-tabs/client-tab-content/client-contact-persons-tab/components/contact-form.module.scss","client-tabs/client-tab-content/client-contact-persons-tab/components/contact-form.module.scss"
"client-tabs/client-tab-content/client-contact-persons-tab/components/modal.js","client-tabs/client-tab-content/client-contact-persons-tab/components/types.js","client-tabs/client-tab-content/client-contact-persons-tab/components/types.js"
"client-tabs/client-tab-content/client-contact-persons-tab/components/passport-block.js","client-tabs/client-tab-content/client-contact-persons-tab/components/contact-form.module.scss","client-tabs/client-tab-content/client-contact-persons-tab/components/contact-form.module.scss"
"client-tabs/client-tab-content/client-contact-persons-tab/components/passport-block.js","client-tabs/client-tab-content/client-contact-persons-tab/components/controlled-input.js","client-tabs/client-tab-content/client-contact-persons-tab/components/controlled-input.js"
"client-tabs/client-tab-content/client-contact-persons-tab/components/passport-block.js","client-tabs/client-tab-content/client-contact-persons-tab/components/types.js","client-tabs/client-tab-content/client-contact-persons-tab/components/types.js"
"client-tabs/client-tab-content/client-contact-persons-tab/components/passport-block.js","client-tabs/client-tab-content/client-contact-persons-tab/components/utils.js","client-tabs/client-tab-content/client-contact-persons-tab/components/utils.js"
"client-tabs/client-tab-content/client-contact-persons-tab/components/passport-block.js","client-tabs/client-tab-content/client-contact-persons-tab/components/validation-rules.js","client-tabs/client-tab-content/client-contact-persons-tab/components/validation-rules.js"
"client-tabs/client-tab-content/client-contact-persons-tab/components/phone-email-block.js","client-tabs/client-tab-content/client-contact-persons-tab/components/contact-form.module.scss","client-tabs/client-tab-content/client-contact-persons-tab/components/contact-form.module.scss"
"client-tabs/client-tab-content/client-contact-persons-tab/components/phone-email-block.js","client-tabs/client-tab-content/client-contact-persons-tab/components/controlled-input.js","client-tabs/client-tab-content/client-contact-persons-tab/components/controlled-input.js"
"client-tabs/client-tab-content/client-contact-persons-tab/components/phone-email-block.js","client-tabs/client-tab-content/client-contact-persons-tab/components/types.js","client-tabs/client-tab-content/client-contact-persons-tab/components/types.js"
"client-tabs/client-tab-content/client-contact-persons-tab/components/phone-email-block.js","client-tabs/client-tab-content/client-contact-persons-tab/components/validation-rules.js","client-tabs/client-tab-content/client-contact-persons-tab/components/validation-rules.js"
"client-tabs/client-tab-content/client-contact-persons-tab/components/position.js","../../../core/hooks/use-fetch-connector.js","../../../core/hooks/use-fetch-connector.js"
"client-tabs/client-tab-content/client-contact-persons-tab/components/position.js","client-tabs/client-tab-content/client-contact-persons-tab/components/types.js","client-tabs/client-tab-content/client-contact-persons-tab/components/types.js"
"client-tabs/client-tab-content/client-contact-persons-tab/components/position.js","client-tabs/client-tab-content/client-contact-persons-tab/components/utils.js","client-tabs/client-tab-content/client-contact-persons-tab/components/utils.js"
"client-tabs/client-tab-content/client-contact-persons-tab/components/position.js","client-tabs/client-tab-content/client-contact-persons-tab/components/validation-rules.js","client-tabs/client-tab-content/client-contact-persons-tab/components/validation-rules.js"
"client-tabs/client-tab-content/client-contact-persons-tab/components/roles.js","../../../core/hooks/use-fetch-connector.js","../../../core/hooks/use-fetch-connector.js"
"client-tabs/client-tab-content/client-contact-persons-tab/components/roles.js","client-tabs/client-tab-content/client-contact-persons-tab/components/types.js","client-tabs/client-tab-content/client-contact-persons-tab/components/types.js"
"client-tabs/client-tab-content/client-contact-persons-tab/components/roles.js","client-tabs/client-tab-content/client-contact-persons-tab/components/utils.js","client-tabs/client-tab-content/client-contact-persons-tab/components/utils.js"
"client-tabs/client-tab-content/client-contact-persons-tab/components/roles.js","client-tabs/client-tab-content/client-contact-persons-tab/components/validation-rules.js","client-tabs/client-tab-content/client-contact-persons-tab/components/validation-rules.js"
"client-tabs/client-tab-content/client-contact-persons-tab/components/utils.js","client-tabs/client-tab-content/client-contact-persons-tab/components/types.js","client-tabs/client-tab-content/client-contact-persons-tab/components/types.js"
"client-tabs/client-tab-content/client-contact-persons-tab/components/utils.js","client-tabs/client-tab-content/client-general-tab/client-contacts/types/client-contacts.types.js","client-tabs/client-tab-content/client-general-tab/client-contacts/types/client-contacts.types.js"
"client-tabs/client-tab-content/client-contact-persons-tab/components/validation-rules.js","client-tabs/client-tab-content/client-contact-persons-tab/components/types.js","client-tabs/client-tab-content/client-contact-persons-tab/components/types.js"
"client-tabs/client-tab-content/client-contact-persons-tab/components/warning.js","client-tabs/client-tab-content/client-contact-persons-tab/components/contact-form.module.scss","client-tabs/client-tab-content/client-contact-persons-tab/components/contact-form.module.scss"
"client-tabs/client-tab-content/client-contact-persons-tab/index.js","client-tabs/client-tab-content/client-contact-persons-tab/client-contact-persons-tab.container.js","client-tabs/client-tab-content/client-contact-persons-tab/client-contact-persons-tab.container.js"
"client-tabs/client-tab-content/client-general-tab/client-contacts/client-contacts-documents-error/client-contacts-documents-error.component.js","client-tabs/client-tab-content/client-general-tab/client-contacts/client-contacts-documents-error/client-contacts-documents-error.module.scss","client-tabs/client-tab-content/client-general-tab/client-contacts/client-contacts-documents-error/client-contacts-documents-error.module.scss"
"client-tabs/client-tab-content/client-general-tab/client-contacts/client-contacts-documents-error/index.js","client-tabs/client-tab-content/client-general-tab/client-contacts/client-contacts-documents-error/client-contacts-documents-error.component.js","client-tabs/client-tab-content/client-general-tab/client-contacts/client-contacts-documents-error/client-contacts-documents-error.component.js"
"client-tabs/client-tab-content/client-general-tab/client-contacts/client-contacts-empty/index.js","client-tabs/client-tab-content/client-general-tab/client-contacts/client-contacts-empty/client-contacts-empty.component.js","client-tabs/client-tab-content/client-general-tab/client-contacts/client-contacts-empty/client-contacts-empty.component.js"
"client-tabs/client-tab-content/client-general-tab/client-contacts/client-contacts-error/index.js","client-tabs/client-tab-content/client-general-tab/client-contacts/client-contacts-error/client-contacts-error.component.js","client-tabs/client-tab-content/client-general-tab/client-contacts/client-contacts-error/client-contacts-error.component.js"
"client-tabs/client-tab-content/client-general-tab/client-contacts/client-contacts-person/__tests__/client-contacts-person.test.js","client-tabs/client-tab-content/client-general-tab/client-contacts/client-contacts-person/client-contacts-person.component.js","client-tabs/client-tab-content/client-general-tab/client-contacts/client-contacts-person/client-contacts-person.component.js"
"client-tabs/client-tab-content/client-general-tab/client-contacts/client-contacts-person/actions-dropdown.js","../../../core/hooks/use-fetch-connector.js","../../../core/hooks/use-fetch-connector.js"
"client-tabs/client-tab-content/client-general-tab/client-contacts/client-contacts-person/actions-dropdown.js","client-tabs/client-tab-content/client-contact-persons-tab/components/modal.js","client-tabs/client-tab-content/client-contact-persons-tab/components/modal.js"
"client-tabs/client-tab-content/client-general-tab/client-contacts/client-contacts-person/actions-dropdown.js","client-tabs/client-tab-content/client-general-tab/client-contacts/types/client-contacts.types.js","client-tabs/client-tab-content/client-general-tab/client-contacts/types/client-contacts.types.js"
"client-tabs/client-tab-content/client-general-tab/client-contacts/client-contacts-person/client-contacts-person.component.js","client-tabs/client-tab-content/client-general-tab/client-contacts/client-contacts-person/actions-dropdown.js","client-tabs/client-tab-content/client-general-tab/client-contacts/client-contacts-person/actions-dropdown.js"
"client-tabs/client-tab-content/client-general-tab/client-contacts/client-contacts.component.js","client-tabs/client-tab-content/client-general-tab/client-contacts/client-contacts.module.scss","client-tabs/client-tab-content/client-general-tab/client-contacts/client-contacts.module.scss"
"client-tabs/client-tab-content/client-general-tab/client-contacts/client-contacts.component.js","client-tabs/client-tab-content/client-general-tab/client-contacts/client-docs/index.js","client-tabs/client-tab-content/client-general-tab/client-contacts/client-docs/index.js"
"client-tabs/client-tab-content/client-general-tab/client-contacts/client-contacts.component.js","client-tabs/client-tab-content/client-general-tab/client-contacts/helpers/getActiveDocsForClients.js","client-tabs/client-tab-content/client-general-tab/client-contacts/helpers/getActiveDocsForClients.js"
"client-tabs/client-tab-content/client-general-tab/client-contacts/client-contacts.container.js","client-tabs/client-tab-content/client-general-tab/client-contacts/store/client-contacts.action-creator.js","client-tabs/client-tab-content/client-general-tab/client-contacts/store/client-contacts.action-creator.js"
"client-tabs/client-tab-content/client-general-tab/client-contacts/client-docs-item/client-docs-item.component.js","client-tabs/client-tab-content/client-general-tab/client-contacts/client-docs-item/client-doc-item.module.scss","client-tabs/client-tab-content/client-general-tab/client-contacts/client-docs-item/client-doc-item.module.scss"
"client-tabs/client-tab-content/client-general-tab/client-contacts/client-docs-item/index.js","client-tabs/client-tab-content/client-general-tab/client-contacts/client-docs-item/client-docs-item.component.js","client-tabs/client-tab-content/client-general-tab/client-contacts/client-docs-item/client-docs-item.component.js"
"client-tabs/client-tab-content/client-general-tab/client-contacts/client-docs/client-docs.component.js","client-tabs/client-tab-content/client-general-tab/client-contacts/client-docs-item/index.js","client-tabs/client-tab-content/client-general-tab/client-contacts/client-docs-item/index.js"
"client-tabs/client-tab-content/client-general-tab/client-contacts/client-docs/index.js","client-tabs/client-tab-content/client-general-tab/client-contacts/client-docs/client-docs.component.js","client-tabs/client-tab-content/client-general-tab/client-contacts/client-docs/client-docs.component.js"
"client-tabs/client-tab-content/client-general-tab/client-contacts/helpers/__tests__/getActiveDocsForClients.test.js","client-tabs/client-tab-content/client-general-tab/client-contacts/helpers/getActiveDocsForClients.js","client-tabs/client-tab-content/client-general-tab/client-contacts/helpers/getActiveDocsForClients.js"
"client-tabs/client-tab-content/client-general-tab/client-contacts/helpers/getActiveDocsForClients.js","client-tabs/client-tab-content/client-general-tab/client-contacts/consts/index.js","client-tabs/client-tab-content/client-general-tab/client-contacts/consts/index.js"
"client-tabs/client-tab-content/client-general-tab/client-contacts/store/client-contacts.action-creator.js","client-tabs/client-tab-content/client-general-tab/client-contacts/store/client-contacts.action-types.js","client-tabs/client-tab-content/client-general-tab/client-contacts/store/client-contacts.action-types.js"
"client-tabs/client-tab-content/client-general-tab/client-contacts/store/client-contacts.action-creator.js","client-tabs/client-tab-content/client-general-tab/client-contacts/types/client-contacts.types.js","client-tabs/client-tab-content/client-general-tab/client-contacts/types/client-contacts.types.js"
"client-tabs/client-tab-content/client-general-tab/client-contacts/store/client-contacts.reducer.js","client-tabs/client-tab-content/client-general-tab/client-contacts/consts/index.js","client-tabs/client-tab-content/client-general-tab/client-contacts/consts/index.js"
"client-tabs/client-tab-content/client-general-tab/client-contacts/store/client-contacts.reducer.js","client-tabs/client-tab-content/client-general-tab/client-contacts/store/client-contacts.action-types.js","client-tabs/client-tab-content/client-general-tab/client-contacts/store/client-contacts.action-types.js"
"client-tabs/client-tab-content/client-general-tab/client-contacts/store/client-contacts.saga.js","client-tabs/client-tab-content/client-general-tab/client-contacts/consts/index.js","client-tabs/client-tab-content/client-general-tab/client-contacts/consts/index.js"
"client-tabs/client-tab-content/client-general-tab/client-contacts/store/client-contacts.saga.js","client-tabs/client-tab-content/client-general-tab/client-contacts/store/client-contacts.action-creator.js","client-tabs/client-tab-content/client-general-tab/client-contacts/store/client-contacts.action-creator.js"
"client-tabs/client-tab-content/client-general-tab/client-contacts/store/client-contacts.saga.js","client-tabs/client-tab-content/client-general-tab/client-contacts/store/client-contacts.action-types.js","client-tabs/client-tab-content/client-general-tab/client-contacts/store/client-contacts.action-types.js"
"client-tabs/client-tab-content/client-general-tab/client-contacts/store/client-contacts.saga.js","client-tabs/client-tab-content/client-general-tab/client-contacts/store/client-contacts.selectors.js","client-tabs/client-tab-content/client-general-tab/client-contacts/store/client-contacts.selectors.js"
"client-tabs/client-tab-content/client-general-tab/client-contacts/store/client-contacts.saga.js","client-tabs/client-tab-content/client-general-tab/client-contacts/types/client-contacts.types.js","client-tabs/client-tab-content/client-general-tab/client-contacts/types/client-contacts.types.js"
"client-tabs/client-tab-content/client-general-tab/client-contacts/store/client-contacts.selectors.js","client-tabs/client-tab-content/client-general-tab/client-contacts/types/client-contacts.types.js","client-tabs/client-tab-content/client-general-tab/client-contacts/types/client-contacts.types.js"
"client-tabs/client-tab-content/client-general-tab/client-corporate-card/add-card-button/__tests__/add-card-button.test.js","../../../store/responsibles/responsibles.reducer.js","../../../store/responsibles/responsibles.reducer.js"
"client-tabs/client-tab-content/client-general-tab/client-corporate-card/add-corporate-card-modal/__tests__/create-coporate-card-modal.test.js","../../../store/responsibles/responsibles.reducer.js","../../../store/responsibles/responsibles.reducer.js"
"client-tabs/client-tab-content/client-general-tab/client-corporate-card/add-corporate-card-modal/create-corporate-card.container.js","../../../modules/Presales/domains/interest/stores/create-interest/create-interest.selectors.js","../../../modules/Presales/domains/interest/stores/create-interest/create-interest.selectors.js"
"client-tabs/client-tab-content/client-general-tab/client-corporate-card/add-corporate-card-modal/create-corporate-card.container.js","../../../store/responsibles/responsibles.selectors.js","../../../store/responsibles/responsibles.selectors.js"
"client-tabs/client-tab-content/client-general-tab/client-corporate-card/add-corporate-card-modal/create-corporate-card.container.js","../../../store/selectors/user.js","../../../store/selectors/user.js"
"client-tabs/client-tab-content/client-general-tab/client-corporate-card/add-corporate-card-modal/create-corporate-card.form.js","client-tabs/client-tab-content/client-general-tab/client-corporate-card/add-corporate-card-modal/create-corporate-card.modal.module.scss","client-tabs/client-tab-content/client-general-tab/client-corporate-card/add-corporate-card-modal/create-corporate-card.modal.module.scss"
"client-tabs/client-tab-content/client-general-tab/client-corporate-card/corporate-card-item/corporate-card-item.component.js","client-tabs/client-tab-content/client-general-tab/client-corporate-card/corporate-card-item/corporate-card-item.module.css","client-tabs/client-tab-content/client-general-tab/client-corporate-card/corporate-card-item/corporate-card-item.module.css"
"client-tabs/client-tab-content/client-general-tab/client-corporate-card/corporate-card-list/corporate-card-list.component.js","client-tabs/client-tab-content/client-general-tab/client-corporate-card/corporate-card-list/corporate-card-list.module.css","client-tabs/client-tab-content/client-general-tab/client-corporate-card/corporate-card-list/corporate-card-list.module.css"
"client-tabs/client-tab-content/client-general-tab/client-corporate-card/delete-corporate-card-modal/delete-corporate-card.component.js","client-tabs/client-tab-content/client-general-tab/client-corporate-card/delete-corporate-card-modal/delete-corporate-card.modal.module.scss","client-tabs/client-tab-content/client-general-tab/client-corporate-card/delete-corporate-card-modal/delete-corporate-card.modal.module.scss"
"client-tabs/client-tab-content/client-general-tab/client-personal-managers/client-personal-managers.component.js","client-tabs/client-tab-content/client-general-tab/client-personal-managers/no-manager-state/index.js","client-tabs/client-tab-content/client-general-tab/client-personal-managers/no-manager-state/index.js"
"client-tabs/client-tab-content/client-general-tab/client-personal-managers/client-personal-managers.component.js","client-tabs/client-tab-content/client-general-tab/client-personal-managers/personal-managers-skeleton.js","client-tabs/client-tab-content/client-general-tab/client-personal-managers/personal-managers-skeleton.js"
"client-tabs/client-tab-content/client-history-tab/client-history-body-list/client-history-body-list.container.js","client-tabs/client-tab-content/client-history-tab/client-history-body-list/client-history-body-list.component.js","client-tabs/client-tab-content/client-history-tab/client-history-body-list/client-history-body-list.component.js"
"client-tabs/client-tab-content/client-history-tab/client-history-body-list/client-history-body-list.container.js","client-tabs/client-tab-content/client-history-tab/store/client-history.action-creator.js","client-tabs/client-tab-content/client-history-tab/store/client-history.action-creator.js"
"client-tabs/client-tab-content/client-history-tab/client-history-body-list/index.js","client-tabs/client-tab-content/client-history-tab/client-history-body-list/client-history-body-list.container.js","client-tabs/client-tab-content/client-history-tab/client-history-body-list/client-history-body-list.container.js"
"client-tabs/client-tab-content/client-history-tab/client-history-empty/index.js","client-tabs/client-tab-content/client-history-tab/client-history-empty/client-history-empty.component.js","client-tabs/client-tab-content/client-history-tab/client-history-empty/client-history-empty.component.js"
"client-tabs/client-tab-content/client-history-tab/client-history-error/index.js","client-tabs/client-tab-content/client-history-tab/client-history-error/client-history-error.component.js","client-tabs/client-tab-content/client-history-tab/client-history-error/client-history-error.component.js"
"client-tabs/client-tab-content/client-history-tab/client-history-header-list/index.js","client-tabs/client-tab-content/client-history-tab/client-history-header-list/client-history-header-list.component.js","client-tabs/client-tab-content/client-history-tab/client-history-header-list/client-history-header-list.component.js"
"client-tabs/client-tab-content/client-history-tab/client-history-list-skeleton/index.js","client-tabs/client-tab-content/client-history-tab/client-history-list-skeleton/client-history-list-skeleton.component.js","client-tabs/client-tab-content/client-history-tab/client-history-list-skeleton/client-history-list-skeleton.component.js"
"client-tabs/client-tab-content/client-history-tab/client-history-tab.container.js","client-tabs/client-tab-content/client-history-tab/client-history-tab.component.js","client-tabs/client-tab-content/client-history-tab/client-history-tab.component.js"
"client-tabs/client-tab-content/client-history-tab/client-history-tab.container.js","client-tabs/client-tab-content/client-history-tab/store/client-history.action-creator.js","client-tabs/client-tab-content/client-history-tab/store/client-history.action-creator.js"
"client-tabs/client-tab-content/client-history-tab/store/client-history.action-creator.js","client-tabs/client-tab-content/client-history-tab/store/client-history.action-types.js","client-tabs/client-tab-content/client-history-tab/store/client-history.action-types.js"
"client-tabs/client-tab-content/client-history-tab/store/client-history.action-creator.js","client-tabs/client-tab-content/client-history-tab/types/client-history-tab.types.js","client-tabs/client-tab-content/client-history-tab/types/client-history-tab.types.js"
"client-tabs/client-tab-content/client-history-tab/store/client-history.reducer.js","client-tabs/client-tab-content/client-history-tab/store/client-history.action-types.js","client-tabs/client-tab-content/client-history-tab/store/client-history.action-types.js"
"client-tabs/client-tab-content/client-history-tab/store/client-history.reducer.js","client-tabs/client-tab-content/client-history-tab/types/client-history-tab.types.js","client-tabs/client-tab-content/client-history-tab/types/client-history-tab.types.js"
"client-tabs/client-tab-content/client-history-tab/store/client-history.saga.js","client-tabs/client-tab-content/client-history-tab/store/client-history.action-creator.js","client-tabs/client-tab-content/client-history-tab/store/client-history.action-creator.js"
"client-tabs/client-tab-content/client-history-tab/store/client-history.saga.js","client-tabs/client-tab-content/client-history-tab/store/client-history.action-types.js","client-tabs/client-tab-content/client-history-tab/store/client-history.action-types.js"
"client-tabs/client-tab-content/client-history-tab/store/client-history.saga.js","client-tabs/client-tab-content/client-history-tab/store/client-history.selectors.js","client-tabs/client-tab-content/client-history-tab/store/client-history.selectors.js"
"client-tabs/client-tab-content/client-history-tab/store/client-history.saga.js","client-tabs/client-tab-content/client-history-tab/types/client-history-tab.types.js","client-tabs/client-tab-content/client-history-tab/types/client-history-tab.types.js"
"client-tabs/client-tab-content/client-history-tab/store/client-history.selectors.js","client-tabs/client-tab-content/client-history-tab/types/client-history-tab.types.js","client-tabs/client-tab-content/client-history-tab/types/client-history-tab.types.js"
"client-tabs/client-tab-content/client-info-tab/cannot-get-info-error/__tests__/cannot-get-info-error.test.js","client-tabs/client-tab-content/client-info-tab/cannot-get-info-error/cannot-get-info-error.component.js","client-tabs/client-tab-content/client-info-tab/cannot-get-info-error/cannot-get-info-error.component.js"
"client-tabs/client-tab-content/client-info-tab/cannot-get-info-error/index.js","client-tabs/client-tab-content/client-info-tab/cannot-get-info-error/cannot-get-info-error.component.js","client-tabs/client-tab-content/client-info-tab/cannot-get-info-error/cannot-get-info-error.component.js"
"client-tabs/client-tab-content/client-info-tab/client-info-section/client-info-section-branches/__tests__/client-info-section-branches.component.test.js","client-tabs/client-tab-content/client-info-tab/client-info-section/client-info-section-branches/client-info-section-branches.component.js","client-tabs/client-tab-content/client-info-tab/client-info-section/client-info-section-branches/client-info-section-branches.component.js"
"client-tabs/client-tab-content/client-info-tab/client-info-section/client-info-section-branches/client-info-section-branch-item/__tests__/client-info-section-branch-item.component.test.js","client-tabs/client-tab-content/client-info-tab/client-info-section/client-info-section-branches/client-info-section-branch-item/client-info-section-branch-item.component.js","client-tabs/client-tab-content/client-info-tab/client-info-section/client-info-section-branches/client-info-section-branch-item/client-info-section-branch-item.component.js"
"client-tabs/client-tab-content/client-info-tab/client-info-section/client-info-section-branches/client-info-section-branch-item/client-info-section-branch-item.component.js","client-tabs/client-tab-content/client-info-tab/client-info-section/client-info-section-branches/client-info-section-branch-item/client-info-section-branch-item.module.scss","client-tabs/client-tab-content/client-info-tab/client-info-section/client-info-section-branches/client-info-section-branch-item/client-info-section-branch-item.module.scss"
"client-tabs/client-tab-content/client-info-tab/client-info-section/client-info-section-branches/client-info-section-branch-item/client-info-section-branch-item.container.js","client-tabs/client-tab-content/client-info-tab/client-info-section/client-info-section-branches/client-info-section-branch-item/client-info-section-branch-item.component.js","client-tabs/client-tab-content/client-info-tab/client-info-section/client-info-section-branches/client-info-section-branch-item/client-info-section-branch-item.component.js"
"client-tabs/client-tab-content/client-info-tab/client-info-section/client-info-section-branches/client-info-section-branches-list/__tests__/client-info-section-branches-list.component.test.js","client-tabs/client-tab-content/client-info-tab/client-info-section/client-info-section-branches/client-info-section-branches-list/client-info-section-branches-list.component.js","client-tabs/client-tab-content/client-info-tab/client-info-section/client-info-section-branches/client-info-section-branches-list/client-info-section-branches-list.component.js"
"client-tabs/client-tab-content/client-info-tab/client-info-section/client-info-section-branches/client-info-section-branches-list/client-info-section-branches-list.container.js","client-tabs/client-tab-content/client-info-tab/client-info-section/client-info-section-branches/client-info-section-branches-list/client-info-section-branches-list.component.js","client-tabs/client-tab-content/client-info-tab/client-info-section/client-info-section-branches/client-info-section-branches-list/client-info-section-branches-list.component.js"
"client-tabs/client-tab-content/client-info-tab/client-info-section/client-info-section-branches/client-info-section-branches-skeleton/client-info-section-branches-skeleton.component.js","client-tabs/client-tab-content/client-info-tab/client-info-section/client-info-section-branches/client-info-section-branches-skeleton/client-info-section-branches-skeleton.module.scss","client-tabs/client-tab-content/client-info-tab/client-info-section/client-info-section-branches/client-info-section-branches-skeleton/client-info-section-branches-skeleton.module.scss"
"client-tabs/client-tab-content/client-info-tab/client-info-section/client-info-section-branches/client-info-section-branches.component.js","client-tabs/client-tab-content/client-info-tab/client-info-section/client-info-section-subtitle/index.js","client-tabs/client-tab-content/client-info-tab/client-info-section/client-info-section-subtitle/index.js"
"client-tabs/client-tab-content/client-info-tab/client-info-section/client-info-section-branches/client-info-section-branches.container.js","client-tabs/client-tab-content/client-info-tab/client-info-section/client-info-section-branches/client-info-section-branches.component.js","client-tabs/client-tab-content/client-info-tab/client-info-section/client-info-section-branches/client-info-section-branches.component.js"
"client-tabs/client-tab-content/client-info-tab/client-info-section/client-info-section-branches/helpers/__tests__/format-branch-phone.test.js","client-tabs/client-tab-content/client-info-tab/client-info-section/client-info-section-branches/helpers/format-branch-phone.js","client-tabs/client-tab-content/client-info-tab/client-info-section/client-info-section-branches/helpers/format-branch-phone.js"
"client-tabs/client-tab-content/client-info-tab/client-info-section/client-info-section-branches/index.js","client-tabs/client-tab-content/client-info-tab/client-info-section/client-info-section-branches/client-info-section-branches.container.js","client-tabs/client-tab-content/client-info-tab/client-info-section/client-info-section-branches/client-info-section-branches.container.js"
"client-tabs/client-tab-content/client-info-tab/client-info-section/client-info-section-branches/store/__tests__/client-branches-sagas/get-client-branches-flow.saga.test.js","client-tabs/client-tab-content/client-info-tab/client-info-section/client-info-section-branches/store/client-branches.action-creators.js","client-tabs/client-tab-content/client-info-tab/client-info-section/client-info-section-branches/store/client-branches.action-creators.js"
"client-tabs/client-tab-content/client-info-tab/client-info-section/client-info-section-branches/store/__tests__/client-branches-sagas/get-client-branches-flow.saga.test.js","client-tabs/client-tab-content/client-info-tab/client-info-section/client-info-section-branches/store/client-branches.saga.js","client-tabs/client-tab-content/client-info-tab/client-info-section/client-info-section-branches/store/client-branches.saga.js"
"client-tabs/client-tab-content/client-info-tab/client-info-section/client-info-section-branches/store/__tests__/client-branches-sagas/open-client-branches-details-flow.saga.test.js","client-tabs/client-tab-content/client-info-tab/client-info-section/client-info-section-branches/store/client-branches.action-creators.js","client-tabs/client-tab-content/client-info-tab/client-info-section/client-info-section-branches/store/client-branches.action-creators.js"
"client-tabs/client-tab-content/client-info-tab/client-info-section/client-info-section-branches/store/__tests__/client-branches-sagas/open-client-branches-details-flow.saga.test.js","client-tabs/client-tab-content/client-info-tab/client-info-section/client-info-section-branches/store/client-branches.saga.js","client-tabs/client-tab-content/client-info-tab/client-info-section/client-info-section-branches/store/client-branches.saga.js"
"client-tabs/client-tab-content/client-info-tab/client-info-section/client-info-section-branches/store/client-branches.action-creators.js","client-tabs/client-tab-content/client-info-tab/client-info-section/client-info-section-branches/store/client-branches.action-types.js","client-tabs/client-tab-content/client-info-tab/client-info-section/client-info-section-branches/store/client-branches.action-types.js"
"client-tabs/client-tab-content/client-info-tab/client-info-section/client-info-section-branches/store/client-branches.reducer.js","client-tabs/client-tab-content/client-info-tab/client-info-section/client-info-section-branches/store/client-branches.action-types.js","client-tabs/client-tab-content/client-info-tab/client-info-section/client-info-section-branches/store/client-branches.action-types.js"
"client-tabs/client-tab-content/client-info-tab/client-info-section/client-info-section-branches/store/client-branches.saga.js","client-tabs/client-tab-content/client-info-tab/client-info-section/client-info-section-branches/store/client-branches.action-creators.js","client-tabs/client-tab-content/client-info-tab/client-info-section/client-info-section-branches/store/client-branches.action-creators.js"
"client-tabs/client-tab-content/client-info-tab/client-info-section/client-info-section-branches/store/client-branches.saga.js","client-tabs/client-tab-content/client-info-tab/client-info-section/client-info-section-branches/store/client-branches.action-types.js","client-tabs/client-tab-content/client-info-tab/client-info-section/client-info-section-branches/store/client-branches.action-types.js"
"client-tabs/client-tab-content/client-info-tab/client-info-section/client-info-section-content/client-info-section-addresses/__tests__/client-info-section-addresses.test.js","client-tabs/client-tab-content/client-info-tab/client-info-section/client-info-section-content/client-info-section-addresses/client-info-section-addresses.component.js","client-tabs/client-tab-content/client-info-tab/client-info-section/client-info-section-content/client-info-section-addresses/client-info-section-addresses.component.js"
"client-tabs/client-tab-content/client-info-tab/client-info-section/client-info-section-content/client-info-section-addresses/client-info-section-addresses.component.js","client-tabs/client-tab-content/client-info-tab/client-info-section/client-info-section-subtitle/index.js","client-tabs/client-tab-content/client-info-tab/client-info-section/client-info-section-subtitle/index.js"
"client-tabs/client-tab-content/client-info-tab/client-info-section/client-info-section-content/client-info-section-addresses/index.js","client-tabs/client-tab-content/client-info-tab/client-info-section/client-info-section-content/client-info-section-addresses/client-info-section-addresses.component.js","client-tabs/client-tab-content/client-info-tab/client-info-section/client-info-section-content/client-info-section-addresses/client-info-section-addresses.component.js"
"client-tabs/client-tab-content/client-info-tab/client-info-section/client-info-section-content/client-info-section-contacts/client-info-section-contacts.component.js","client-tabs/client-tab-content/client-info-tab/client-info-section/client-info-section-subtitle/index.js","client-tabs/client-tab-content/client-info-tab/client-info-section/client-info-section-subtitle/index.js"
"client-tabs/client-tab-content/client-info-tab/client-info-section/client-info-section-content/client-info-section-contacts/index.js","client-tabs/client-tab-content/client-info-tab/client-info-section/client-info-section-content/client-info-section-contacts/client-info-section-contacts.component.js","client-tabs/client-tab-content/client-info-tab/client-info-section/client-info-section-content/client-info-section-contacts/client-info-section-contacts.component.js"
"client-tabs/client-tab-content/client-info-tab/client-info-section/client-info-section-content/client-info-section-content.component.js","client-tabs/client-tab-content/client-info-tab/client-info-section/client-info-section-content/client-info-section-addresses/index.js","client-tabs/client-tab-content/client-info-tab/client-info-section/client-info-section-content/client-info-section-addresses/index.js"
"client-tabs/client-tab-content/client-info-tab/client-info-section/client-info-section-content/client-info-section-content.component.js","client-tabs/client-tab-content/client-info-tab/client-info-section/client-info-section-content/client-info-section-contacts/index.js","client-tabs/client-tab-content/client-info-tab/client-info-section/client-info-section-content/client-info-section-contacts/index.js"
"client-tabs/client-tab-content/client-info-tab/client-info-section/client-info-section-content/client-info-section-content.component.js","client-tabs/client-tab-content/client-info-tab/client-info-section/client-info-section-content/client-info-section-fields/index.js","client-tabs/client-tab-content/client-info-tab/client-info-section/client-info-section-content/client-info-section-fields/index.js"
"client-tabs/client-tab-content/client-info-tab/client-info-section/client-info-section-content/client-info-section-content.component.js","client-tabs/client-tab-content/client-info-tab/client-info-section/client-info-section-content/client-info-section-requisites/index.js","client-tabs/client-tab-content/client-info-tab/client-info-section/client-info-section-content/client-info-section-requisites/index.js"
"client-tabs/client-tab-content/client-info-tab/client-info-section/client-info-section-content/client-info-section-content.container.js","client-tabs/client-tab-content/client-info-tab/client-info-section/client-info-section-content/client-info-section-content.component.js","client-tabs/client-tab-content/client-info-tab/client-info-section/client-info-section-content/client-info-section-content.component.js"
"client-tabs/client-tab-content/client-info-tab/client-info-section/client-info-section-content/client-info-section-fields/index.js","client-tabs/client-tab-content/client-info-tab/client-info-section/client-info-section-content/client-info-section-fields/client-info-section-fields.component.js","client-tabs/client-tab-content/client-info-tab/client-info-section/client-info-section-content/client-info-section-fields/client-info-section-fields.component.js"
"client-tabs/client-tab-content/client-info-tab/client-info-section/client-info-section-content/client-info-section-requisites/client-info-section-requisites.component.js","client-tabs/client-tab-content/client-info-tab/client-info-section/client-info-section-subtitle/index.js","client-tabs/client-tab-content/client-info-tab/client-info-section/client-info-section-subtitle/index.js"
"client-tabs/client-tab-content/client-info-tab/client-info-section/client-info-section-content/client-info-section-requisites/index.js","client-tabs/client-tab-content/client-info-tab/client-info-section/client-info-section-content/client-info-section-requisites/client-info-section-requisites.component.js","client-tabs/client-tab-content/client-info-tab/client-info-section/client-info-section-content/client-info-section-requisites/client-info-section-requisites.component.js"
"client-tabs/client-tab-content/client-info-tab/client-info-section/client-info-section-content/helpers/__tests__/formatInfoSectionFieldValue.test.js","client-tabs/client-tab-content/client-info-tab/client-info-section/client-info-section-content/helpers/formatInfoSectionFieldValue.js","client-tabs/client-tab-content/client-info-tab/client-info-section/client-info-section-content/helpers/formatInfoSectionFieldValue.js"
"client-tabs/client-tab-content/client-info-tab/client-info-section/client-info-section-content/index.js","client-tabs/client-tab-content/client-info-tab/client-info-section/client-info-section-content/client-info-section-content.container.js","client-tabs/client-tab-content/client-info-tab/client-info-section/client-info-section-content/client-info-section-content.container.js"
"client-tabs/client-tab-content/client-info-tab/client-info-section/client-info-section-skeleton/client-info-section-skeleton.component.js","client-tabs/client-tab-content/client-info-tab/client-info-section/client-info-section-skeleton/skeleton-item/index.js","client-tabs/client-tab-content/client-info-tab/client-info-section/client-info-section-skeleton/skeleton-item/index.js"
"client-tabs/client-tab-content/client-info-tab/client-info-section/client-info-section-skeleton/client-info-section-skeleton.component.js","client-tabs/client-tab-content/client-info-tab/client-info-section/client-info-section-skeleton/skeleton-row-long/index.js","client-tabs/client-tab-content/client-info-tab/client-info-section/client-info-section-skeleton/skeleton-row-long/index.js"
"client-tabs/client-tab-content/client-info-tab/client-info-section/client-info-section-skeleton/client-info-section-skeleton.component.js","client-tabs/client-tab-content/client-info-tab/client-info-section/client-info-section-skeleton/skeleton-row-with-two-columns/index.js","client-tabs/client-tab-content/client-info-tab/client-info-section/client-info-section-skeleton/skeleton-row-with-two-columns/index.js"
"client-tabs/client-tab-content/client-info-tab/client-info-section/client-info-section-skeleton/client-info-section-skeleton.component.js","client-tabs/client-tab-content/client-info-tab/client-info-section/client-info-section-skeleton/skeleton-subtitle/index.js","client-tabs/client-tab-content/client-info-tab/client-info-section/client-info-section-skeleton/skeleton-subtitle/index.js"
"client-tabs/client-tab-content/client-info-tab/client-info-section/client-info-section-skeleton/index.js","client-tabs/client-tab-content/client-info-tab/client-info-section/client-info-section-skeleton/client-info-section-skeleton.component.js","client-tabs/client-tab-content/client-info-tab/client-info-section/client-info-section-skeleton/client-info-section-skeleton.component.js"
"client-tabs/client-tab-content/client-info-tab/client-info-section/client-info-section-skeleton/skeleton-item/index.js","client-tabs/client-tab-content/client-info-tab/client-info-section/client-info-section-skeleton/skeleton-item/skeleton-item.component.js","client-tabs/client-tab-content/client-info-tab/client-info-section/client-info-section-skeleton/skeleton-item/skeleton-item.component.js"
"client-tabs/client-tab-content/client-info-tab/client-info-section/client-info-section-skeleton/skeleton-row-long/__tests__/skeleton-row-long-component.test.js","client-tabs/client-tab-content/client-info-tab/client-info-section/client-info-section-skeleton/skeleton-row-long/skeleton-row-long.component.js","client-tabs/client-tab-content/client-info-tab/client-info-section/client-info-section-skeleton/skeleton-row-long/skeleton-row-long.component.js"
"client-tabs/client-tab-content/client-info-tab/client-info-section/client-info-section-skeleton/skeleton-row-long/index.js","client-tabs/client-tab-content/client-info-tab/client-info-section/client-info-section-skeleton/skeleton-row-long/skeleton-row-long.component.js","client-tabs/client-tab-content/client-info-tab/client-info-section/client-info-section-skeleton/skeleton-row-long/skeleton-row-long.component.js"
"client-tabs/client-tab-content/client-info-tab/client-info-section/client-info-section-skeleton/skeleton-row-with-two-columns/__tests__/skeleton-row-with-two-columns.test.js","client-tabs/client-tab-content/client-info-tab/client-info-section/client-info-section-skeleton/skeleton-row-with-two-columns/skeleton-row-with-two-columns.component.js","client-tabs/client-tab-content/client-info-tab/client-info-section/client-info-section-skeleton/skeleton-row-with-two-columns/skeleton-row-with-two-columns.component.js"
"client-tabs/client-tab-content/client-info-tab/client-info-section/client-info-section-skeleton/skeleton-row-with-two-columns/index.js","client-tabs/client-tab-content/client-info-tab/client-info-section/client-info-section-skeleton/skeleton-row-with-two-columns/skeleton-row-with-two-columns.component.js","client-tabs/client-tab-content/client-info-tab/client-info-section/client-info-section-skeleton/skeleton-row-with-two-columns/skeleton-row-with-two-columns.component.js"
"client-tabs/client-tab-content/client-info-tab/client-info-section/client-info-section-skeleton/skeleton-row-with-two-columns/skeleton-row-with-two-columns.component.js","client-tabs/client-tab-content/client-info-tab/client-info-section/client-info-section-skeleton/skeleton-item/index.js","client-tabs/client-tab-content/client-info-tab/client-info-section/client-info-section-skeleton/skeleton-item/index.js"
"client-tabs/client-tab-content/client-info-tab/client-info-section/client-info-section-skeleton/skeleton-subtitle/__tests__/skeleton-subtitle.test.js","client-tabs/client-tab-content/client-info-tab/client-info-section/client-info-section-skeleton/skeleton-subtitle/skeleton-subtitle.component.js","client-tabs/client-tab-content/client-info-tab/client-info-section/client-info-section-skeleton/skeleton-subtitle/skeleton-subtitle.component.js"
"client-tabs/client-tab-content/client-info-tab/client-info-section/client-info-section-skeleton/skeleton-subtitle/index.js","client-tabs/client-tab-content/client-info-tab/client-info-section/client-info-section-skeleton/skeleton-subtitle/skeleton-subtitle.component.js","client-tabs/client-tab-content/client-info-tab/client-info-section/client-info-section-skeleton/skeleton-subtitle/skeleton-subtitle.component.js"
"client-tabs/client-tab-content/client-info-tab/client-info-section/client-info-section-subtitle/__tests__/client-info-section-subtitle.test.js","client-tabs/client-tab-content/client-info-tab/client-info-section/client-info-section-subtitle/client-info-section-subtitle.component.js","client-tabs/client-tab-content/client-info-tab/client-info-section/client-info-section-subtitle/client-info-section-subtitle.component.js"
"client-tabs/client-tab-content/client-info-tab/client-info-section/client-info-section-subtitle/index.js","client-tabs/client-tab-content/client-info-tab/client-info-section/client-info-section-subtitle/client-info-section-subtitle.component.js","client-tabs/client-tab-content/client-info-tab/client-info-section/client-info-section-subtitle/client-info-section-subtitle.component.js"
"client-tabs/client-tab-content/client-info-tab/client-info-section/client-info-section.container.js","client-tabs/client-tab-content/client-info-tab/client-info-section/client-info-section.component.js","client-tabs/client-tab-content/client-info-tab/client-info-section/client-info-section.component.js"
"client-tabs/client-tab-content/client-info-tab/consts/fieldValues.consts.js","client-tabs/client-tab-content/client-info-tab/consts/accountType.consts.js","client-tabs/client-tab-content/client-info-tab/consts/accountType.consts.js"
"client-tabs/client-tab-content/client-info-tab/consts/fieldValues.consts.js","client-tabs/client-tab-content/client-info-tab/consts/extendedStatus.consts.js","client-tabs/client-tab-content/client-info-tab/consts/extendedStatus.consts.js"
"client-tabs/client-tab-content/client-info-tab/consts/fieldValues.consts.js","client-tabs/client-tab-content/client-info-tab/consts/orgType.consts.js","client-tabs/client-tab-content/client-info-tab/consts/orgType.consts.js"
"client-tabs/client-tab-content/client-info-tab/consts/fieldValues.consts.js","client-tabs/client-tab-content/client-info-tab/consts/source.consts.js","client-tabs/client-tab-content/client-info-tab/consts/source.consts.js"
"client-tabs/client-tab-content/client-info-tab/index.js","client-tabs/client-tab-content/client-info-tab/client-info-tab.component.js","client-tabs/client-tab-content/client-info-tab/client-info-tab.component.js"
"client-tabs/helpers/format-value-by-id.helper.js","client-tabs/helpers/format-value-by-id.const.js","client-tabs/helpers/format-value-by-id.const.js"
"edit-client-info-button/edit-client-info-button.container.js","edit-client-info-button/edit-client-info-button.component.js","edit-client-info-button/edit-client-info-button.component.js"
"services/updateOrganizationStatus.service.js","../../../modules/Clients/domains/clients/services/client/client.endpoints.js","../../../modules/Clients/domains/clients/services/client/client.endpoints.js"